{
  "camera_type": "perspective",
  "render_height": 512,
  "render_width": 512,
  "camera_path": [
    {
      "camera_to_world": [
        -0.3642421938237867,
        -0.33292205571374045,
        0.8697646400364712,
        35.290820900054285,
        0.9313042597553365,
        -0.13020906827738035,
        0.340173447376337,
        10.71368249625517,
        1.3877787807814454e-17,
        0.9339210370034899,
        0.35747936533781405,
        18.614844942766474,
        0,
        0,
        0,
        1
      ],
      "fov": 75,
      "aspect": 1
    }
  ],
  "fps": 10,
  "seconds": 1,
  "smoothness_value": 0.5,
  "is_cycle": false,
  "crop": null
}