{
	"class_name" : "PinholeCameraParameters",
	"extrinsic" : 
	[
		1.0,
		-0.0,
		-0.0,
		0.0,
		0.0,
		-1.0,
		-0.0,
		0.0,
		0.0,
		-0.0,
		-1.0,
		0.0,
		-3.0029056668281555,
		1.1631360054016113,
		9.2905991477471108,
		1.0
	],
	"intrinsic" : 
	{
		"height" : 1163,
		"intrinsic_matrix" : 
		[
			1007.1875446013022,
			0.0,
			0.0,
			0.0,
			1007.1875446013022,
			0.0,
			922.5,
			581.0,
			1.0
		],
		"width" : 1846
	},
	"version_major" : 1,
	"version_minor" : 0
}