{
	"class_name" : "PinholeCameraParameters",
	"extrinsic" : 
	[
		0.95941622296221962,
		-0.054309262226935939,
		0.2767146818534833,
		0.0,
		-0.28171518867064654,
		-0.22820212687589678,
		0.93196584795880755,
		0.0,
		0.012532501313408426,
		-0.9720978825847133,
		-0.23424056669404297,
		0.0,
		0.14450109756232643,
		0.68982318328654357,
		1.7621015523743693,
		1.0
	],
	"intrinsic" : 
	{
		"height" : 1163,
		"intrinsic_matrix" : 
		[
			1007.1875446013022,
			0.0,
			0.0,
			0.0,
			1007.1875446013022,
			0.0,
			922.5,
			581.0,
			1.0
		],
		"width" : 1846
	},
	"version_major" : 1,
	"version_minor" : 0
}