{
  "camera_type": "perspective",
  "render_height": 512,
  "render_width": 512,
  "camera_path": [
    {
      "camera_to_world": [
        0.009449598926037977,
        -0.9999553515428263,
        9.999553515431593e-7,
        0.00008696670201643106,
        0.9999553515433263,
        0.009449598926033254,
        -9.449598926036548e-9,
        -8.218371509993717e-7,
        1.4889251025954498e-22,
        9.999999999998333e-7,
        0.9999999999995,
        60,
        0,
        0,
        0,
        1
      ],
      "fov": 90,
      "aspect": 1
    }
  ],
  "fps": 10,
  "seconds": 1,
  "smoothness_value": 0.5,
  "is_cycle": false,
  "crop": null
}